{
    "rmse": 11368.434831750428,
    "mae": 9109.834715253246,
    "r2": 0.14052886061492342
}